Modelo,AUC,Gini,KS,Brier Score,Log Loss
Logistic Regression,0.6843997619365396,0.36879952387307924,0.28059481938319225,0.22239183275626076,0.6356576887910346
LightGBM,0.7086890842558372,0.4173781685116744,0.3028693400316287,0.2115322943397409,0.6108565555837745
