Modelo,AUC,Gini,KS,Brier Score,Log Loss
Logistic Regression,0.6299324564521863,0.25986491290437264,0.32172058300746537,0.23549342044763216,0.6646398504491425
LightGBM,0.6551724137931035,0.3103448275862071,0.2950586562388909,0.21677697115429273,0.6358423087065177
