feature,shap_mean
mx_ltc_36,0.559663909573447
vr_s_t_36,0.5371342964488265
ipc_t6,0.46237104325654205
n_atr_1d_6,0.36557866856543864
prc_u_tc_cns,0.30423469005910625
ind_per_x9_1.0,0.23242614812815376
c_pcns,0.21200103134681897
ind_vjrc_36_1,0.20290538697289295
tas_u_tc,0.16144532127173108
c_tc_mn_24,0.152202243718364
cl_9_1.0,0.10068813614483146
c_tc_mn_24_sld,0.03436522552879758
cl_12_1.0,0.013876282481954726
cl_18_2.0,0.0
cl_9_3.0,0.0
