feature,shap_mean
mx_ltc_36,0.35008988097136995
vr_s_t_36,0.18289020050670957
tas_u_tc,0.17308802648453342
n_atr_1d_6,0.1681070399418105
prc_u_tc_cns,0.1271896972569297
c_tc_mn_24,0.12285589957384367
ind_vjrc_36_1,0.09961658542167515
ipc_t6,0.09381431388698341
ind_per_x9_1.0,0.08632979781450019
c_pcns,0.07491506424291745
cl_12_1.0,0.04897303925607208
cl_9_1.0,0.03189702112963852
c_tc_mn_24_sld,0.012298219902036478
cl_18_2.0,0.0077614066044933115
cl_9_3.0,0.0008396058566724264
